{
  "name": "create-users",
  "method": "POST",
  "tests": [
    {
      "import": "config/cicd/tests/createChannelInvitation.json",
      "description": "An entrepreneur sends an invitation to a mentor.",
      "vars": [
        { "name": "createdBy", "dataType": "string", "value": "${userId1}" },
        { "name": "deviceUuid", "dataType": "string", "value": "${deviceUuid1}" },
        { "name": "recipientId", "dataType": "string", "value": "${userId2}" }
      ]
    },
    {
      "import": "config/cicd/tests/acceptChannelInvitation.json",
      "description": "The mentor accepts the invitation.",
      "vars": [
        { "name": "authToken", "dataType": "string", "value": "${authTokens2}" },
        { "name": "deviceUuid", "dataType": "string", "value": "${deviceUuids2}" }
      ],
      "enabled": true
    },
    {
      "import": "config/cicd/tests/findChannelInvitationById.json",
      "description": "Loading the invitation to retrieve the channelId.",
      "vars": [
        { "name": "id", "dataType": "string", "value": "${invitationId}" },
        { "name": "authToken", "dataType": "string", "value": "${authTokens2}" },
        { "name": "deviceUuid", "dataType": "string", "value": "${deviceUuids2}" }
      ],
      "assignVars": [
        {
          "name": "channelId",
          "jsonPath": "$.data.findChannelInvitationById.channelId"
        }
      ],
      "enabled": true
    }
  ]
}
